id,text,author_id,post_id
1,Donec semper sapien a libero.,1,1
2,Maecenas ut massa quis augue luctus tincidunt.,2,2
3,Nulla ut erat id mauris vulputate elementum.,3,3
4,Sed ante.,4,4
5,"Quisque erat eros, viverra eget, congue eget, semper rutrum, nulla.",5,5
6,Vestibulum ac est lacinia nisi venenatis tristique.,6,6
7,Pellentesque ultrices mattis odio.,7,7
8,Nulla tellus.,8,8
9,"Nam congue, risus semper porta volutpat, quam pede lobortis ligula, sit amet eleifend pede libero quis orci.",9,9
10,Nunc nisl.,10,10
11,Vestibulum rutrum rutrum neque.,11,11
12,"Fusce lacus purus, aliquet at, feugiat non, pretium quis, lectus.",12,12
13,Vestibulum ac est lacinia nisi venenatis tristique.,13,13
14,Morbi quis tortor id nulla ultrices aliquet.,14,14
15,"Nullam orci pede, venenatis non, sodales sed, tincidunt eu, felis.",15,15
16,Nunc rhoncus dui vel sem.,16,16
17,"Mauris enim leo, rhoncus sed, vestibulum sit amet, cursus id, turpis.",17,17
18,Aliquam quis turpis eget elit sodales scelerisque.,18,18
19,Donec ut dolor.,19,19
20,"Lorem ipsum dolor sit amet, consectetuer adipiscing elit.",20,20
21,"Maecenas leo odio, condimentum id, luctus nec, molestie sed, justo.",21,21
22,Morbi ut odio.,22,22
23,Curabitur convallis.,23,23
24,Nullam molestie nibh in lectus.,24,24
25,Curabitur in libero ut massa volutpat convallis.,25,25
26,Phasellus id sapien in sapien iaculis congue.,26,26
27,Vivamus tortor.,27,27
28,Donec dapibus.,28,28
29,Aliquam quis turpis eget elit sodales scelerisque.,29,29
30,Integer ac neque.,30,30
31,Nulla justo.,31,31
32,Duis aliquam convallis nunc.,32,32
33,Suspendisse ornare consequat lectus.,33,33
34,In hac habitasse platea dictumst.,34,34
35,Maecenas pulvinar lobortis est.,35,35
36,"Fusce lacus purus, aliquet at, feugiat non, pretium quis, lectus.",36,36
37,"Lorem ipsum dolor sit amet, consectetuer adipiscing elit.",37,37
38,Aenean auctor gravida sem.,38,38
39,Vivamus in felis eu sapien cursus vestibulum.,39,39
40,Nam nulla.,40,40
41,In eleifend quam a odio.,41,41
42,Vivamus vel nulla eget eros elementum pellentesque.,42,42
43,Suspendisse accumsan tortor quis turpis.,43,43
44,Duis ac nibh.,44,44
45,"Aliquam augue quam, sollicitudin vitae, consectetuer eget, rutrum at, lorem.",45,45
46,"Cum sociis natoque penatibus et magnis dis parturient montes, nascetur ridiculus mus.",46,46
47,"Vestibulum quam sapien, varius ut, blandit non, interdum in, ante.",47,47
48,"Integer pede justo, lacinia eget, tincidunt eget, tempus vel, pede.",48,48
49,Duis ac nibh.,49,49
50,Vestibulum ante ipsum primis in faucibus orci luctus et ultrices posuere cubilia Curae; Nulla dapibus dolor vel est.,50,50
