id,first_name,last_name,email,password
1,Steve,Anderson,sanderson0@alibaba.com,KCCBVkyH4
2,Brandon,Medina,bmedina1@ihg.com,svLS6mj
3,Janet,Perez,jperez2@spotify.com,UqQc8NCMy
4,Arthur,Burke,aburke3@latimes.com,79GMCSbRf0
5,Nicholas,Berry,nberry4@booking.com,sRLU8XJV7
6,Jessica,Hanson,jhanson5@friendfeed.com,qcVqRx9r0BLa
7,Rebecca,Anderson,randerson6@desdev.cn,gjJufR
8,Alice,Ward,award7@accuweather.com,qxnPNUd3nE
9,Maria,Howell,mhowell8@phoca.cz,pSv0Lfo
10,Brenda,Torres,btorres9@ihg.com,VOj9qMSaqWSP
11,Sean,Hicks,shicksa@aol.com,JhP29GB
12,Heather,Hall,hhallb@netvibes.com,SdkC0ajX
13,Arthur,Lynch,alynchc@pcworld.com,ZJqj0UypW5rM
14,Paul,Fields,pfieldsd@jalbum.net,k0zsKOnHEyW
15,Laura,Rice,lricee@auda.org.au,uOvwB2
16,Tina,Armstrong,tarmstrongf@illinois.edu,OSTdpgc
17,Julia,Banks,jbanksg@chron.com,QmF8lMwDa
18,Katherine,Scott,kscotth@amazon.co.uk,QFwvxhh1
19,Shirley,Edwards,sedwardsi@zdnet.com,505c0YbwOP
20,Andrea,Mendoza,amendozaj@google.co.jp,Aiw29UIfK
21,Jesse,Carroll,jcarrollk@squarespace.com,jAEQ9VUd6FPG
22,John,Perez,jperezl@bloglovin.com,zFDR1lgFKU
23,Jean,Harrison,jharrisonm@reuters.com,5WIvbKiSl6A
24,James,Jacobs,jjacobsn@meetup.com,vrdRsZKE5E
25,Eugene,King,ekingo@angelfire.com,A9a6ImwFLBI
26,Jeremy,Kim,jkimp@barnesandnoble.com,FR0ORT3Cp
27,Aaron,Butler,abutlerq@yellowbook.com,dqcPe6KwuDi
28,Andrew,Long,alongr@jimdo.com,JFpRItrEn
29,Carolyn,Lewis,clewiss@usnews.com,MprOOkHa
30,Albert,Webb,awebbt@blogspot.com,7GOpFq7ZS
31,Louis,Gordon,lgordonu@edublogs.org,ZMy0jVUojB
32,Teresa,Ford,tfordv@washingtonpost.com,LKgiaeHwXEbd
33,Nicole,Long,nlongw@sourceforge.net,KQDlnV
34,Thomas,Peterson,tpetersonx@webmd.com,vVWTNwyUYcB0
35,Sara,Lawrence,slawrencey@typepad.com,Du1hDy
36,Terry,Boyd,tboydz@noaa.gov,IcPEWfo
37,Russell,James,rjames10@weibo.com,7ycOPd8
38,Clarence,Taylor,ctaylor11@youtu.be,KmN7GE49o
39,Phillip,Flores,pflores12@gnu.org,9puhEq6
40,Phyllis,Carr,pcarr13@livejournal.com,DDs3XwbEN
41,Catherine,Ray,cray14@state.tx.us,Do073uH
42,Dennis,Hart,dhart15@opera.com,Ud6E5Hp
43,Tina,Ramos,tramos16@google.co.jp,UaejawibhBh
44,Julie,Dunn,jdunn17@comcast.net,rV5VWCiZ5b
45,Earl,Lopez,elopez18@pcworld.com,jQxpACDMqd
46,James,Richardson,jrichardson19@tmall.com,iRuj9ldGOL
47,Cynthia,Crawford,ccrawford1a@sciencedaily.com,PkIB4zeSm
48,Norma,Turner,nturner1b@ameblo.jp,XTtTauoKUdG4
49,Jennifer,Parker,jparker1c@java.com,cLr1E98hy
50,Marilyn,Carpenter,mcarpenter1d@diigo.com,WTakqNh29OQ
